username,comment,comment_length,likes,replies,category,sentiment,time_posted,country,video_title,user_type,contains_link,contains_hashtags
elizabethbell,Dog subject dinner win five common.,35,580,24,Tech Reviews,Neutral,2025-01-19 10:13:55,Russian Federation,Decentralized demand-driven moderator,Influencer,Yes,Yes
davidolson,Issue century peace wide state anyone edge.,43,526,66,Music,Negative,2025-01-28 02:51:47,Thailand,Multi-layered tangible superstructure,Influencer,Yes,No
jward,Tonight no common court show property part along son tonight.,61,935,77,Gaming,Positive,2025-01-23 19:59:20,Seychelles,Self-enabling optimizing monitoring,Regular,Yes,Yes
patricia57,History southern government rate suggest wait.,46,827,4,Education,Negative,2025-02-08 23:29:18,Canada,Advanced clear-thinking migration,Verified,Yes,Yes
ecopeland,Artist century simply yourself experience government probably let statement.,76,424,5,Comedy,Negative,2025-02-10 22:23:37,British Indian Ocean Territory (Chagos Archipelago),Sharable explicit access,Verified,Yes,No
fletcherelizabeth,Option bring total rule new accept tough would deal everyone.,61,81,65,Education,Negative,2025-03-07 00:14:15,Portugal,Grass-roots impactful neural-net,Influencer,No,Yes
tross,Last seem successful report evidence will pressure democratic buy tell material car example picture part learn anything near line positive.,139,909,32,Education,Positive,2025-03-21 18:44:33,Brazil,Expanded cohesive orchestration,Verified,No,No
natalierichards,Girl imagine pull behind according how next despite night country day per.,74,586,32,Tech Reviews,Neutral,2025-02-16 10:53:34,Bolivia,Grass-roots global interface,Influencer,No,No
ryannunez,Worker eight improve summer along public call.,46,191,51,News,Positive,2025-01-02 06:43:22,Falkland Islands (Malvinas),Profound uniform info-mediaries,Verified,Yes,Yes
franklinjesse,West draw green themselves conference piece candidate perhaps.,62,412,85,News,Positive,2025-02-17 19:08:29,Netherlands Antilles,Centralized uniform core,Influencer,Yes,No
christopher76,Onto every message yourself whole son event laugh visit have fight draw really hospital certainly drug.,103,785,23,News,Positive,2025-01-09 02:00:40,Uzbekistan,Progressive exuding parallelism,Regular,Yes,No
alexandra25,Federal mouth scientist resource why six especially this defense.,65,388,96,Music,Positive,2025-01-09 22:36:16,Uganda,Upgradable multi-tasking secured line,Regular,Yes,Yes
carrollamy,Consider second themselves skin until why lawyer candidate name whether use finally page one piece cultural.,108,451,96,Education,Positive,2025-02-09 10:04:03,Chile,Self-enabling neutral migration,Verified,No,No
elizabeth39,Customer these same never pressure.,35,423,11,News,Neutral,2025-03-02 06:05:49,Cyprus,Diverse full-range challenge,Regular,No,No
hughesronald,Eat main require form likely nice look us.,42,442,26,Comedy,Negative,2025-03-04 11:26:46,Mozambique,Business-focused demand-driven complexity,Regular,Yes,Yes
janice80,Blue much style threat matter outside.,38,209,42,Tech Reviews,Neutral,2025-03-10 23:03:37,Macedonia,Operative human-resource core,Regular,Yes,Yes
sharon89,Exist single region realize tree body story well.,49,501,0,Music,Neutral,2025-02-24 20:17:05,French Polynesia,Switchable bottom-line data-warehouse,Regular,No,Yes
chloe46,Method institution general water commercial change face.,56,815,44,News,Negative,2025-03-21 15:00:55,Djibouti,Switchable incremental moratorium,Regular,No,Yes
kennethbeard,Stock material very effort mention national nice push require.,62,142,75,Tech Reviews,Positive,2025-02-06 01:01:30,Azerbaijan,Enterprise-wide non-volatile neural-net,Verified,No,No
yharris,Paper order husband without night bed already writer issue stay.,64,91,58,Music,Positive,2025-02-07 01:03:47,Paraguay,Implemented zero tolerance data-warehouse,Regular,No,Yes
amy32,Art through language sometimes yeah run design with you television rule might say garden.,89,662,34,Gaming,Positive,2025-02-04 13:59:08,Sudan,Up-sized analyzing structure,Influencer,Yes,Yes
lisa05,Mission career concern.,23,414,98,Tech Reviews,Negative,2025-02-05 22:05:02,Tonga,Operative modular flexibility,Verified,Yes,Yes
danielmaddox,Account tough wait interview expect rise wide effort family industry.,69,162,6,News,Negative,2025-03-19 07:22:53,Morocco,Enhanced hybrid matrices,Verified,Yes,No
tarellano,Message senior debate hope middle style series Mr argue police but when.,72,213,87,News,Positive,2025-02-16 13:22:57,Jamaica,Decentralized demand-driven help-desk,Influencer,No,Yes
nathanyoung,Popular plant reason maybe best account bed glass each less past arm memory.,76,206,37,Comedy,Negative,2025-01-18 03:23:16,Kuwait,Grass-roots stable standardization,Verified,No,No
patricia94,Fast court point from talk structure.,37,374,68,Gaming,Neutral,2025-02-10 17:01:06,Hungary,Mandatory 6thgeneration methodology,Regular,No,No
hernandezchristopher,Dark he technology stage.,25,347,33,Education,Positive,2025-01-03 03:43:45,South Georgia and the South Sandwich Islands,User-centric radical matrix,Verified,No,No
owenangela,Effect yes though lawyer nor father official account floor economy beautiful.,77,37,26,Comedy,Positive,2025-01-25 09:19:50,Paraguay,Compatible bottom-line open system,Regular,Yes,No
diazamy,City talk color in nice hospital music step yard thing simply must style dog skill PM local imagine.,100,419,88,News,Positive,2025-02-21 21:42:55,Afghanistan,Monitored responsive infrastructure,Verified,No,No
fergusonkimberly,Anything certain condition recognize opportunity father history research.,73,454,3,Comedy,Negative,2025-02-06 18:01:25,Netherlands Antilles,Reverse-engineered optimizing knowledgebase,Verified,Yes,Yes
jon45,Town woman trial against wrong official interesting letter she article others family marriage.,94,561,16,Gaming,Neutral,2025-01-19 06:35:32,Isle of Man,Visionary client-server service-desk,Influencer,No,No
ryan85,Tax past side source animal police blood character beyond majority discussion man how writer begin.,99,950,84,Tech Reviews,Positive,2025-01-31 01:21:05,Afghanistan,Customer-focused composite portal,Influencer,No,No
lisa89,Nice natural thought position next carry budget contain degree.,63,686,7,News,Positive,2025-03-04 18:58:22,United Arab Emirates,Centralized dynamic archive,Influencer,No,Yes
ifox,Western show water trial.,25,284,94,News,Negative,2025-03-16 06:26:36,Barbados,Optional encompassing process improvement,Regular,Yes,Yes
hshaw,Take firm foot defense.,23,614,96,Tech Reviews,Negative,2025-03-21 15:07:24,Peru,Object-based fresh-thinking instruction set,Verified,Yes,No
turnervincent,Modern which sense there nation prepare develop majority five wife including.,77,701,77,Tech Reviews,Positive,2025-03-01 22:13:12,Maldives,Robust fresh-thinking matrices,Verified,No,Yes
natalie30,Central religious appear stop response.,39,761,20,Comedy,Negative,2025-03-12 11:43:02,French Southern Territories,De-engineered maximized core,Influencer,No,No
jessicawarner,Foreign reflect character theory mean voice matter stop.,56,400,66,Comedy,Positive,2025-01-27 12:28:47,Namibia,Reverse-engineered coherent productivity,Influencer,Yes,No
johnporter,Card class create according four oil reduce consumer indeed reveal.,67,942,79,News,Positive,2025-02-21 03:33:51,Faroe Islands,Grass-roots content-based moderator,Verified,No,Yes
derrick48,Throw detail quality production much yourself adult huge.,57,403,72,Gaming,Negative,2025-03-05 19:54:06,Korea,Up-sized regional superstructure,Influencer,No,No
stacyconway,Southern put source figure scene fund floor card.,49,485,4,News,Neutral,2025-03-08 08:21:57,Seychelles,Organic coherent access,Regular,Yes,Yes
owenjoshua,Both general join drive food.,29,495,40,Comedy,Negative,2025-01-16 21:16:38,Comoros,Robust static application,Verified,Yes,No
cunninghamjoshua,Red degree building office eat.,31,988,61,Music,Positive,2025-01-16 14:27:19,Canada,Realigned multimedia solution,Regular,Yes,No
gmcbride,Cell practice church though capital never public successful I address investment claim beat letter.,99,388,70,Tech Reviews,Positive,2025-02-22 00:00:44,Malta,Business-focused didactic productivity,Verified,Yes,Yes
christinejohnson,Wife chance watch company magazine notice certain.,50,776,8,Education,Positive,2025-01-22 10:25:10,Kenya,Streamlined multi-state knowledge user,Regular,Yes,Yes
djordan,Interest require air kitchen office way federal would above.,60,140,48,News,Negative,2025-03-14 01:34:28,Malta,Open-source scalable methodology,Influencer,Yes,No
lindagoodwin,Very rather network still develop campaign team tend least site letter game cost speech.,88,879,89,Gaming,Positive,2025-02-16 21:52:44,Qatar,Versatile system-worthy customer loyalty,Regular,No,Yes
shawn78,Clear among firm remember pick entire pretty bag window of smile.,65,414,30,Gaming,Negative,2025-03-17 14:23:38,Luxembourg,Upgradable 3rdgeneration ability,Verified,Yes,Yes
lpearson,Treat direction develop decide cold.,36,463,74,Music,Neutral,2025-01-10 17:28:34,Poland,Progressive web-enabled throughput,Regular,Yes,No
zthomas,Feel black recognize interview baby difficult.,46,945,30,News,Neutral,2025-03-06 19:24:52,Papua New Guinea,Organic eco-centric task-force,Regular,Yes,No
rebecca93,Participant scene stand billion full yard more.,47,438,90,Music,Neutral,2025-01-07 18:37:56,British Indian Ocean Territory (Chagos Archipelago),Advanced dynamic service-desk,Regular,No,No
vbrown,Dinner gas on name end event maybe rock.,40,803,57,Music,Negative,2025-02-23 20:23:24,Nepal,Intuitive full-range complexity,Verified,Yes,No
zbeasley,Evening nice pick present father catch option building.,55,245,12,Education,Negative,2025-01-18 21:29:10,Antarctica (the territory South of 60 deg S),Extended hybrid protocol,Influencer,No,Yes
kwilson,Business should dark white own fight recent standard past time fly you mission exist individual case.,101,684,8,Comedy,Negative,2025-02-04 09:08:55,Niue,Organized cohesive product,Regular,Yes,Yes
melaniekelly,Spend great push paper cover increase common far side see modern blood.,71,373,34,Comedy,Positive,2025-02-05 05:00:23,South Georgia and the South Sandwich Islands,Extended 4thgeneration extranet,Verified,No,No
kharris,Address enter realize dinner direction technology above take author national test television president enough job truth.,120,288,31,Education,Neutral,2025-01-22 17:19:37,Cambodia,Persistent tertiary concept,Regular,Yes,No
dvargas,Mother out board rock rule six others someone nor present matter night more western.,84,852,7,Tech Reviews,Positive,2025-03-07 14:09:14,Brunei Darussalam,Centralized bi-directional product,Regular,No,No
ssanders,Interesting couple bank.,24,51,54,Music,Negative,2025-01-09 02:52:28,San Marino,Devolved optimal superstructure,Influencer,Yes,No
jeffrey98,Old read huge blue could air view author worry movie national yet staff training boy goal.,90,130,20,Gaming,Positive,2025-02-06 04:54:37,Rwanda,Intuitive bi-directional capability,Influencer,No,No
brittanythompson,Really sense relate medical learn since none enter enjoy great present.,71,299,23,Gaming,Neutral,2025-02-22 08:44:08,Guadeloupe,Profound mobile methodology,Influencer,No,Yes
jennifer07,Either fish tell beyond apply art risk result share than.,57,862,98,Education,Negative,2025-01-17 12:40:56,Tuvalu,Phased zero administration matrix,Verified,Yes,No
ajones,Support officer suffer.,23,765,29,Education,Neutral,2025-01-27 19:09:47,Cote d'Ivoire,User-centric tertiary forecast,Regular,No,Yes
smithphillip,Region garden put floor however power build travel again someone.,65,926,67,Gaming,Positive,2025-01-04 20:20:41,Togo,User-friendly needs-based emulation,Influencer,No,Yes
marc75,Reveal music property arrive fact or wish water however forget mind.,68,596,21,Comedy,Positive,2025-03-21 02:09:43,Burundi,Switchable high-level initiative,Regular,No,Yes
robert77,Sort sort behind catch store.,29,302,27,Music,Positive,2025-03-05 15:04:30,Burkina Faso,Assimilated multimedia adapter,Influencer,Yes,No
webbvirginia,Likely before ever bag other.,29,786,34,News,Positive,2025-03-17 08:00:45,Mozambique,Switchable bottom-line methodology,Verified,Yes,Yes
gonzalezandrew,Long recognize bring moment number.,35,578,78,Comedy,Positive,2025-02-16 13:01:45,France,Focused coherent functionalities,Influencer,No,No
blackburnchris,Data cup point every prevent trade member know safe.,52,574,33,Education,Neutral,2025-03-12 20:39:34,Iceland,Centralized tangible success,Influencer,Yes,Yes
stanley87,Blood early nearly capital say speak.,37,54,55,Comedy,Positive,2025-01-30 15:15:23,Benin,Reactive bi-directional focus group,Verified,No,No
devonmccarthy,Above career house source turn sea one control physical best value wall.,72,925,25,Gaming,Positive,2025-03-03 18:06:34,Uganda,Customizable 5thgeneration Local Area Network,Verified,Yes,Yes
jacksonkatherine,Race once call partner south wide place house must add maybe theory goal.,73,868,69,Gaming,Neutral,2025-01-24 06:26:33,Lesotho,Proactive dedicated budgetary management,Regular,Yes,Yes
fgraves,Enough material able customer drug network right science safe.,62,788,62,Music,Negative,2025-01-12 15:35:31,Turkmenistan,Expanded exuding open architecture,Influencer,No,No
nelsonpamela,Stage car method measure only skin occur art mention else ever begin.,69,296,8,Music,Positive,2025-02-20 17:59:25,Timor-Leste,Right-sized homogeneous portal,Influencer,Yes,No
kpeck,Senior thought include record risk structure but machine.,57,747,32,Music,Positive,2025-01-13 16:24:20,Croatia,Centralized maximized framework,Regular,Yes,No
adam27,Nation let different indeed.,28,253,90,Gaming,Positive,2025-03-09 19:19:09,Barbados,Automated stable alliance,Influencer,No,Yes
dawnlang,Third continue reveal down reduce without result attack audience hope computer.,79,565,81,News,Negative,2025-01-17 06:28:37,Dominican Republic,Multi-layered grid-enabled Local Area Network,Verified,No,No
james17,Term society white official store price.,40,841,29,Music,Positive,2025-03-13 14:01:06,Guinea-Bissau,Persevering holistic benchmark,Verified,Yes,Yes
luke06,Through cut speech let sport science history approach machine free prove worker item lead community these use for.,114,942,5,Education,Negative,2025-03-02 05:31:33,Bolivia,Expanded context-sensitive definition,Influencer,No,Yes
michaelrivas,Decision property defense base research especially control condition recent certainly woman of bring.,101,280,87,News,Positive,2025-02-09 10:26:10,Bhutan,Fundamental uniform forecast,Regular,No,Yes
samantha87,Under official admit field Mr per and brother ball team region.,63,324,55,Tech Reviews,Negative,2025-02-17 06:52:00,Mongolia,Sharable 3rdgeneration artificial intelligence,Influencer,No,No
jennifer67,Total effect sort building indicate clear well manage TV idea find we thing.,76,121,21,Tech Reviews,Negative,2025-02-09 21:56:10,Turks and Caicos Islands,Monitored attitude-oriented neural-net,Influencer,No,Yes
kathleen05,Time weight nation edge catch peace but like decide he easy.,60,798,100,Education,Negative,2025-01-15 06:48:10,Bosnia and Herzegovina,Diverse stable synergy,Regular,Yes,No
kimberlyshah,Reflect thank player wind save practice outside field.,54,917,91,News,Neutral,2025-03-19 18:51:34,Azerbaijan,Automated client-driven hub,Regular,Yes,Yes
vthomas,Party specific but knowledge trouble conference note.,53,592,61,Comedy,Neutral,2025-01-06 14:43:15,Burkina Faso,Fundamental user-facing strategy,Verified,Yes,No
medinamichelle,Will environmental truth better water rich.,43,728,57,Tech Reviews,Positive,2025-02-28 14:11:37,Kiribati,Face-to-face 4thgeneration approach,Verified,Yes,No
allisondavis,Appear full forward where give let no.,38,708,23,Tech Reviews,Negative,2025-01-01 08:03:11,Algeria,Profound dedicated standardization,Verified,Yes,No
vhiggins,Billion few step ready response enter phone note else.,54,951,84,Comedy,Positive,2025-02-20 17:34:07,Libyan Arab Jamahiriya,Streamlined maximized superstructure,Verified,Yes,No
jesse63,Manage mouth far consumer only find walk choice young trial letter run.,71,121,84,Tech Reviews,Negative,2025-03-04 12:30:05,British Indian Ocean Territory (Chagos Archipelago),Open-source scalable open system,Verified,No,Yes
clevy,Heavy help well process benefit camera even performance serve until.,68,245,46,Music,Positive,2025-03-02 21:24:49,Eritrea,Profit-focused scalable Graphic Interface,Verified,Yes,No
bvasquez,Until traditional some least hot defense your white without break produce.,74,864,47,Tech Reviews,Negative,2025-01-10 05:01:18,Equatorial Guinea,User-centric executive software,Verified,No,No
ashleyevans,Someone natural become actually such reach set western we business ready.,73,89,88,Tech Reviews,Positive,2025-02-22 19:13:44,Namibia,Fully-configurable non-volatile pricing structure,Influencer,No,No
isaac83,Game set from crime spring network their certainly difficult whether project state.,83,913,4,News,Positive,2025-01-22 20:34:39,Cote d'Ivoire,Self-enabling directional ability,Regular,No,Yes
kevin22,From policy least not address claim speak space impact.,55,68,38,Music,Positive,2025-03-12 17:26:26,Tonga,Fundamental full-range superstructure,Influencer,Yes,No
christensenelizabeth,Exactly security choose traditional family newspaper citizen produce avoid.,75,264,52,Music,Negative,2025-01-02 12:18:28,Saudi Arabia,Front-line 6thgeneration framework,Influencer,No,Yes
mirandathomas,Pull politics example boy these mouth floor pass happy natural key.,67,250,61,Gaming,Neutral,2025-03-05 00:47:29,Germany,Visionary transitional policy,Regular,No,Yes
brightdonald,Miss that now never too especially several discussion name agree let threat.,76,768,62,News,Positive,2025-02-25 17:33:12,Kazakhstan,Function-based impactful success,Verified,Yes,No
joshua39,Particular down there investment for institution especially brother guess full certain others rate.,99,621,3,Music,Neutral,2025-03-04 06:03:50,Bouvet Island (Bouvetoya),Grass-roots stable architecture,Verified,No,Yes
haileymiller,Teach how question win spend.,29,696,98,Comedy,Neutral,2025-02-10 13:37:55,Cameroon,Customer-focused web-enabled concept,Verified,No,No
erindavidson,Staff six energy miss hotel down recently outside people success indeed.,72,400,50,Gaming,Positive,2025-01-26 01:31:56,El Salvador,Phased uniform secured line,Verified,No,No
hwhite,Yourself better build air believe create hotel race.,52,533,72,Education,Positive,2025-02-23 18:51:39,Bouvet Island (Bouvetoya),Open-source discrete application,Influencer,No,No
qcarney,Staff claim management security himself thank foot its money watch most policy movie risk write claim national hair.,116,608,57,Tech Reviews,Negative,2025-01-03 03:08:36,Gabon,Cross-group full-range installation,Regular,No,No
dylanmoore,Nothing happy sign very computer along crime green public travel table national gun.,84,488,81,Comedy,Neutral,2025-02-17 09:53:07,Maldives,Reactive bandwidth-monitored instruction set,Influencer,No,No
susan03,Talk dog use east buy.,22,942,83,Tech Reviews,Neutral,2025-03-21 14:14:53,Algeria,Enterprise-wide radical product,Influencer,No,Yes
tcook,Because nearly apply contain avoid fact her choose special both professor policy.,81,920,51,Comedy,Positive,2025-02-27 02:55:49,Faroe Islands,Ergonomic incremental website,Regular,Yes,Yes
qrodriguez,Hour power later be prevent key collection stay.,48,811,94,Education,Positive,2025-03-16 18:23:18,British Indian Ocean Territory (Chagos Archipelago),Inverse 3rdgeneration leverage,Verified,Yes,No
jeremy10,Worker test big despite term understand single pattern.,55,482,57,News,Neutral,2025-01-30 10:50:22,Maldives,Reduced zero-defect budgetary management,Regular,Yes,Yes
qsmith,Close practice see scene.,25,111,9,Tech Reviews,Positive,2025-02-26 08:25:18,Malta,Fundamental asynchronous toolset,Regular,Yes,No
tayloranthony,Explain those task democratic clearly should try more break cut cost boy dog speak protect charge.,98,985,71,Gaming,Positive,2025-01-24 02:01:02,Turkey,Team-oriented 5thgeneration alliance,Influencer,No,No
kgreen,Management floor language ok popular personal hair front everyone like him sell.,80,628,88,Tech Reviews,Positive,2025-01-26 11:51:51,Cocos (Keeling) Islands,Cloned maximized product,Regular,Yes,Yes
lori10,Western story section building there indicate poor left capital but.,68,200,19,Comedy,Negative,2025-03-19 22:16:45,Gibraltar,Upgradable analyzing utilization,Regular,No,No
harmonamber,Option environmental even consider despite fine western believe major catch concern response standard.,102,610,77,Education,Positive,2025-01-27 04:56:53,Panama,Customizable background capability,Verified,Yes,Yes
cohenbradley,Sure before scene former ability stock customer large provide special later easy coach collection.,98,837,18,Comedy,Positive,2025-03-12 19:55:55,Gambia,Horizontal discrete contingency,Influencer,Yes,Yes
michaelrobles,Will now risk question fall evidence.,37,493,32,Tech Reviews,Positive,2025-03-08 08:34:00,Jamaica,Centralized multi-tasking complexity,Regular,Yes,Yes
oaguilar,Always example ago more make specific himself moment vote degree sister choice bank fine choice.,96,899,74,News,Negative,2025-01-21 19:59:37,Bouvet Island (Bouvetoya),Up-sized scalable system engine,Verified,No,Yes
joseph51,Lot energy town up deal direction good work.,44,724,66,Comedy,Negative,2025-03-08 02:34:46,Botswana,Re-contextualized static encryption,Influencer,Yes,No
katherine47,Skin six provide wall over food toward our anything result goal weight should gas feel radio remember.,102,674,40,Music,Positive,2025-01-12 18:25:35,Thailand,Stand-alone maximized open system,Regular,Yes,No
timothyjames,Page however soon that part inside thus money year.,51,410,10,News,Positive,2025-01-10 05:22:25,Botswana,Sharable optimizing emulation,Regular,Yes,Yes
christopher89,Political oil there green subject night minute candidate strategy care ask campaign attorney benefit down.,106,491,32,Tech Reviews,Negative,2025-03-11 17:22:52,Kenya,Open-source systemic website,Verified,No,Yes
xbarry,Ask pretty often candidate.,27,696,40,Tech Reviews,Positive,2025-02-18 16:42:41,Croatia,Compatible impactful alliance,Regular,Yes,Yes
brookseric,Bank soon enjoy guess fall many east my take military attention.,64,573,76,Tech Reviews,Neutral,2025-03-16 23:41:08,Cuba,Grass-roots upward-trending help-desk,Regular,Yes,Yes
davidfoster,She foreign see life including me cost seek short wish.,55,373,60,News,Positive,2025-03-07 17:17:16,Reunion,Networked multimedia success,Influencer,Yes,No
christinemartin,Big grow something ability end month mouth arrive cultural discussion.,70,79,6,News,Positive,2025-01-28 16:42:09,Gabon,Assimilated fault-tolerant focus group,Influencer,No,Yes
efoster,Detail force season affect morning detail participant.,54,228,69,Gaming,Negative,2025-01-26 13:23:56,Belize,Diverse contextually-based array,Verified,No,No
davidvillanueva,Both country south decide law art father technology together once star technology.,82,943,52,News,Negative,2025-02-01 07:07:34,Marshall Islands,Focused object-oriented ability,Influencer,No,No
leefelicia,Team include choice.,20,266,91,News,Positive,2025-01-09 12:05:06,Egypt,Business-focused directional projection,Verified,No,No
jasonmyers,Start can newspaper capital poor pretty.,40,135,7,Comedy,Positive,2025-02-21 05:44:32,Benin,Visionary grid-enabled budgetary management,Verified,No,Yes
brandithompson,Fine couple compare man receive both technology number by.,58,194,93,Comedy,Neutral,2025-03-15 11:21:09,Burundi,Universal human-resource moderator,Verified,Yes,No
pagejoshua,Since administration loss piece summer south she history.,57,802,30,News,Positive,2025-01-06 06:05:57,Saint Kitts and Nevis,Horizontal bi-directional open system,Regular,Yes,No
kari85,Ok police current begin look event indicate up begin though energy growth pass traditional.,91,824,2,Music,Positive,2025-02-23 16:29:22,Costa Rica,Multi-channeled executive parallelism,Influencer,Yes,Yes
watsonamy,Goal popular interest wide argue rise suddenly system alone require happen civil field of.,90,626,60,Gaming,Positive,2025-03-14 23:50:37,Svalbard & Jan Mayen Islands,Visionary bi-directional groupware,Verified,Yes,No
melissacantu,Action assume city approach pay me reality how teacher.,55,901,44,Tech Reviews,Positive,2025-02-10 13:34:50,Uzbekistan,Cloned user-facing pricing structure,Influencer,Yes,Yes
dperez,Better eight camera range point body wind happy letter control.,63,234,88,Tech Reviews,Negative,2025-01-04 19:19:12,Egypt,Public-key stable groupware,Verified,Yes,Yes
michaelstokes,Cover stay about ball defense then new child fact.,50,612,78,Comedy,Positive,2025-03-06 08:54:21,French Guiana,Progressive system-worthy open system,Influencer,No,No
mcdonaldregina,Travel audience spring campaign investment reason safe clear able he early series what.,87,822,82,Gaming,Positive,2025-01-10 02:33:15,Cocos (Keeling) Islands,Streamlined exuding database,Regular,No,No
mitchell53,Street moment start quickly skin through investment.,52,522,8,Education,Positive,2025-01-18 21:17:48,Poland,Down-sized multi-tasking functionalities,Influencer,Yes,No
glendawelch,Rich station foreign ago career.,32,292,10,Education,Positive,2025-02-24 09:09:30,Andorra,Upgradable 6thgeneration benchmark,Regular,No,No
joshualevy,The recently institution entire job policy room.,48,552,27,Gaming,Negative,2025-01-28 17:19:44,Seychelles,Intuitive exuding encoding,Verified,Yes,Yes
millerrichard,Our successful play thus then goal claim.,41,530,99,Tech Reviews,Positive,2025-01-01 19:05:25,Azerbaijan,Universal national Local Area Network,Verified,Yes,No
ashley05,Magazine firm Mr president while do machine night south degree.,63,779,2,Gaming,Positive,2025-03-18 20:27:21,Luxembourg,Virtual 6thgeneration software,Regular,No,No
oharrell,Relationship movement fly half home kind nation interest especially vote worker light certainly from impact.,108,579,29,Comedy,Positive,2025-01-04 16:15:03,Syrian Arab Republic,Total secondary firmware,Influencer,No,No
ysmith,Network capital work speech face risk miss six.,47,309,100,News,Positive,2025-03-04 08:52:36,Argentina,Synergistic multimedia infrastructure,Verified,No,No
danielhart,Pull though compare individual audience take than themselves dog make stay.,75,128,7,Education,Neutral,2025-01-15 04:05:45,Vietnam,Vision-oriented radical intranet,Verified,No,No
krystal39,During eight mission executive edge degree responsibility mean black expect bit.,80,600,8,Education,Positive,2025-01-17 14:52:05,Australia,Fundamental bottom-line website,Verified,Yes,No
stevenshunter,Around training key goal contain save attack social food speak ahead catch sell everything itself.,98,875,5,Music,Neutral,2025-02-13 06:35:07,United States Minor Outlying Islands,Phased high-level groupware,Regular,No,No
ulopez,Political include top when interest get nothing just method class small wish total market help shoulder environmental.,118,321,26,News,Neutral,2025-01-13 14:31:04,Palau,Intuitive impactful matrix,Verified,No,No
moodyscott,I really piece increase social ability.,39,305,9,News,Negative,2025-01-26 23:16:41,Mongolia,Persistent mission-critical Graphic Interface,Verified,No,No
michelle89,Address newspaper despite hear item participant wife brother result away wish.,78,182,17,Tech Reviews,Positive,2025-02-17 06:42:48,Algeria,Sharable discrete policy,Influencer,No,No
briantucker,Everybody worker pull own all central country mean brother knowledge store stage.,81,78,5,Tech Reviews,Positive,2025-03-11 04:38:06,United Kingdom,Reverse-engineered contextually-based migration,Verified,No,No
latoyadavis,Wife wrong exactly mean station south charge reach young enter.,63,995,83,Music,Neutral,2025-01-22 01:48:26,Hungary,Assimilated analyzing challenge,Verified,Yes,Yes
jason08,Artist speak she often culture hit successful.,46,337,33,Education,Positive,2025-01-28 14:48:57,Korea,Synergistic mission-critical migration,Verified,No,Yes
harveytroy,Similar quality modern really bank source.,42,627,85,News,Negative,2025-01-23 19:00:53,French Southern Territories,Diverse optimizing parallelism,Regular,No,No
allison42,Worry feeling model story in nor wear.,38,913,39,Tech Reviews,Positive,2025-03-11 14:28:59,Montserrat,Right-sized clear-thinking ability,Verified,No,Yes
hannahcole,Affect student represent our source open interesting must budget imagine bag community toward.,94,711,64,Gaming,Neutral,2025-01-16 04:27:21,Reunion,Reduced analyzing info-mediaries,Influencer,Yes,No
williamscraig,Standard red tough music maybe too together model clear employee green.,71,306,86,Music,Positive,2025-01-01 06:24:32,Heard Island and McDonald Islands,User-centric responsive support,Regular,No,No
juliecoleman,Movie realize social bit indicate let middle.,45,412,4,Gaming,Negative,2025-01-11 07:31:28,Congo,Secured zero administration hardware,Influencer,No,Yes
ghansen,Land him wish anyone strong protect build trip gun cell live system add set sing relationship in.,97,410,25,Education,Positive,2025-01-15 22:05:47,Cayman Islands,Customer-focused systemic software,Regular,Yes,Yes
ghanna,Economic ready tend candidate start such shoulder rock management box.,70,839,89,News,Negative,2025-02-16 05:34:34,Saudi Arabia,Open-source grid-enabled firmware,Verified,No,Yes
wilsonwendy,Son present training wife debate from fund various above produce college city resource.,87,251,2,Gaming,Positive,2025-03-16 03:57:26,Cote d'Ivoire,Centralized human-resource throughput,Regular,No,No
hernandezjonathan,Just probably score run guy special fund answer page.,53,738,23,Gaming,Positive,2025-02-24 10:14:59,Mozambique,Public-key eco-centric Graphical User Interface,Regular,Yes,Yes
kaitlyn77,Director both sense property majority model guess campaign room miss in appear environment list write soon financial.,117,818,42,Gaming,Positive,2025-02-11 02:29:56,Mali,Multi-layered 3rdgeneration methodology,Verified,Yes,No
sjackson,Reason including visit ability cost debate center kind environmental stock still base develop simply result operation admit adult.,130,671,90,News,Neutral,2025-01-09 13:05:23,Micronesia,Reverse-engineered coherent challenge,Verified,No,Yes
nicolegray,Beautiful price create director politics.,41,160,61,Music,Positive,2025-01-23 10:05:06,Kazakhstan,Sharable client-server policy,Regular,No,Yes
robert45,Treat through as wall sort own instead remember trade answer show race book name.,81,545,51,Comedy,Neutral,2025-02-14 07:38:22,Brunei Darussalam,Focused directional core,Regular,No,Yes
jennifer96,Performance call surface another state man.,43,603,25,Music,Neutral,2025-01-10 05:24:13,Latvia,Open-architected impactful neural-net,Verified,No,Yes
carolyn72,There culture real police my walk lose late game statement along.,65,218,97,Comedy,Neutral,2025-01-01 08:41:31,Guinea-Bissau,Multi-tiered dynamic orchestration,Regular,Yes,No
adriennephillips,Several box bad east either many.,33,676,4,Comedy,Positive,2025-01-06 07:17:08,Malaysia,Fully-configurable solution-oriented moderator,Verified,Yes,Yes
david42,Believe woman on painting old decision item.,44,501,82,Tech Reviews,Negative,2025-01-05 13:53:33,Micronesia,Multi-layered regional contingency,Regular,No,Yes
garnerjavier,Capital special drive anyone already recognize professor Republican approach ok include.,88,405,30,News,Positive,2025-01-14 07:53:23,Norfolk Island,Diverse context-sensitive installation,Regular,No,Yes
shawn18,Specific bar market prepare television cause agency media.,58,48,66,Education,Neutral,2025-03-18 23:59:18,Benin,Multi-lateral bottom-line middleware,Regular,No,No
grobinson,Show simply part attention apply.,33,563,42,Gaming,Negative,2025-02-08 01:42:25,Benin,Monitored interactive capacity,Influencer,No,Yes
matthewbarr,Green peace training hair and catch value wide expect case forward example a.,77,661,17,Gaming,Positive,2025-03-07 20:02:13,Philippines,Implemented multimedia artificial intelligence,Regular,Yes,Yes
fostersydney,Suddenly describe of imagine model home pretty give actually three should nice live movie.,90,67,4,Comedy,Neutral,2025-01-10 10:11:44,Germany,Pre-emptive next generation function,Regular,No,No
penadavid,Contain either participant sister population when expert interest kitchen away medical democratic poor expert start perhaps section.,132,842,0,News,Positive,2025-03-18 13:12:21,Croatia,Down-sized background circuit,Influencer,No,Yes
rachelcole,Job follow certain talk least design authority.,47,375,25,Tech Reviews,Neutral,2025-02-18 18:42:36,British Indian Ocean Territory (Chagos Archipelago),Organic intermediate support,Influencer,Yes,No
suzannedunn,Seat exist result thought popular total contain kid.,52,123,15,Gaming,Positive,2025-02-15 07:55:21,Norfolk Island,Extended radical hub,Regular,No,Yes
kevinweaver,System hot international mouth mouth follow spring home adult.,62,373,37,News,Negative,2025-01-22 18:27:02,Moldova,Streamlined system-worthy protocol,Regular,Yes,Yes
grahamgary,Road eat require.,17,60,37,News,Positive,2025-03-01 11:16:55,Macao,Innovative optimizing definition,Verified,Yes,No
tayloralexander,Get respond consider daughter eye say floor exactly every leave need Congress local east enter.,95,754,24,Gaming,Neutral,2025-02-19 06:55:22,Timor-Leste,Organic exuding access,Influencer,Yes,Yes
kathryn52,Wall none player could large may step low political tax money simple because.,77,206,91,Comedy,Positive,2025-01-15 05:16:02,Greece,Expanded coherent help-desk,Regular,No,No
kelly12,Degree happen same food tax glass reach opportunity American drug party level open little leave.,96,411,64,Music,Negative,2025-03-02 03:14:04,Swaziland,Robust reciprocal alliance,Regular,Yes,No
acevedonicholas,Record three side into again.,29,406,74,Music,Negative,2025-01-04 08:26:01,Afghanistan,Operative hybrid instruction set,Influencer,Yes,Yes
markmoore,Cold actually collection the form early.,40,407,76,Music,Neutral,2025-02-28 09:24:36,Haiti,Automated even-keeled utilization,Influencer,Yes,No
rosskatherine,Nothing gas parent memory shake while sort important.,53,452,14,Comedy,Positive,2025-02-03 10:14:05,United Arab Emirates,Programmable directional superstructure,Regular,No,Yes
ryanhunt,Figure little behavior partner possible check center.,53,857,81,Comedy,Positive,2025-03-13 15:50:17,Ethiopia,Re-contextualized even-keeled service-desk,Verified,No,Yes
amber48,Box suggest concern short deep soldier economy during.,54,749,45,News,Neutral,2025-03-12 07:01:54,Saint Vincent and the Grenadines,Optional demand-driven alliance,Influencer,No,No
robertsosa,Play form dark exist tell himself standard poor table situation.,64,672,64,Gaming,Neutral,2025-01-17 23:14:48,Armenia,Enhanced 6thgeneration protocol,Influencer,No,No
jlopez,Animal especially low.,22,576,54,Comedy,Positive,2025-02-16 02:05:11,Egypt,Inverse 6thgeneration productivity,Regular,No,No
dvega,Toward off team.,16,414,55,Tech Reviews,Positive,2025-01-11 13:52:43,Japan,Adaptive heuristic Local Area Network,Regular,No,No
garzaadam,Tonight bar international course down.,38,697,23,Tech Reviews,Positive,2025-02-18 10:13:37,Ghana,Decentralized demand-driven core,Regular,No,Yes
leejeremiah,Together this house small red beat.,35,165,99,Comedy,Positive,2025-01-17 01:50:53,Iraq,Business-focused multi-tasking knowledge user,Verified,Yes,No
ellismegan,Surface good relate common huge boy lose approach trouble.,58,470,89,Gaming,Positive,2025-03-13 23:49:25,Singapore,Cross-platform eco-centric synergy,Regular,Yes,Yes
david37,Record open very main leave beyond amount and.,46,54,9,Gaming,Neutral,2025-02-28 14:33:56,Tonga,Business-focused impactful budgetary management,Regular,No,Yes
colleen48,Responsibility here occur know young example claim admit.,57,612,92,Music,Negative,2025-02-25 00:42:04,Libyan Arab Jamahiriya,Balanced tangible matrix,Influencer,Yes,No
gmacias,Simple green laugh list technology save life many wait explain.,63,730,2,Comedy,Negative,2025-01-21 06:50:58,Mayotte,Virtual holistic system engine,Regular,No,No
michael15,Human age red religious chance scientist success network special out argue painting.,84,11,0,News,Negative,2025-03-01 01:58:56,Venezuela,Multi-layered interactive frame,Regular,Yes,No
lijessica,News improve summer security might.,35,299,32,Education,Negative,2025-03-01 10:58:24,Bouvet Island (Bouvetoya),Implemented systematic analyzer,Regular,No,Yes
williamscarl,Bed discover stock move reveal after so maintain significant film anyone.,73,571,25,Tech Reviews,Positive,2025-02-09 11:42:57,Reunion,User-centric incremental concept,Verified,No,Yes
kristin93,Tend spend truth best ok bad couple might yeah catch all.,57,416,35,Tech Reviews,Positive,2025-01-27 10:03:04,Belgium,Diverse cohesive website,Verified,Yes,No
carl62,Once trial red property myself cover air try north off travel leave the investment actually local.,98,63,81,Gaming,Positive,2025-01-14 09:02:18,Ethiopia,Total explicit methodology,Influencer,No,Yes
vcervantes,Force life within ago audience product.,39,414,5,Education,Neutral,2025-02-10 09:33:49,Mali,Enhanced logistical algorithm,Verified,No,Yes
rossdiane,Lawyer act usually decade all draw husband century attack recent accept idea.,77,451,31,Education,Positive,2025-02-22 11:22:40,Bangladesh,Digitized national software,Regular,No,Yes
john60,Property dinner recognize responsibility once yet.,50,802,79,Tech Reviews,Positive,2025-01-11 20:36:56,Vanuatu,Visionary analyzing emulation,Influencer,No,Yes
murraysarah,Camera over office particularly human research sort push.,57,945,80,Education,Positive,2025-01-13 06:56:00,Mayotte,Phased reciprocal hierarchy,Regular,No,No
hlandry,Certainly figure get pass traditional accept degree hand friend.,64,455,15,Music,Positive,2025-02-04 11:10:56,Hong Kong,Seamless analyzing approach,Regular,No,No
ysmith,Happen opportunity side pretty season fund party none rather rule stage most full.,82,608,96,Gaming,Negative,2025-02-08 08:30:48,Central African Republic,Re-engineered 24/7 synergy,Influencer,Yes,Yes
jenniferstein,Hard already role not bank name class effect modern TV.,55,247,70,Education,Negative,2025-01-16 16:03:06,Turkmenistan,Switchable web-enabled adapter,Regular,No,Yes
hrobinson,Service oil brother example once among toward director bit try common again.,76,67,24,Gaming,Positive,2025-03-18 00:34:21,Puerto Rico,Organized demand-driven conglomeration,Verified,No,No
vlopez,Someone gas appear church party wonder day early memory wish wide.,66,899,23,News,Positive,2025-02-07 14:02:52,Macao,Digitized hybrid infrastructure,Regular,Yes,Yes
iperez,Song apply street either rich walk address take experience popular moment best open age dream.,94,101,100,News,Negative,2025-03-07 02:27:19,Finland,Centralized methodical ability,Regular,No,Yes
brandon02,Population majority side computer attention.,44,821,31,Music,Neutral,2025-01-06 11:10:06,Gabon,Stand-alone optimal parallelism,Regular,No,Yes
charles09,Position phone meeting player eight recognize develop sea.,58,878,98,News,Positive,2025-02-25 23:41:40,Bosnia and Herzegovina,Multi-layered intermediate encoding,Verified,No,No
jesusperkins,Owner run church daughter risk race.,36,953,93,Education,Negative,2025-01-12 15:00:57,Zimbabwe,Networked content-based neural-net,Verified,No,No
carlsonjacqueline,Though day explain between dinner movement usually defense authority summer others down choose.,95,198,17,News,Negative,2025-03-16 12:13:14,Tajikistan,Exclusive 4thgeneration database,Regular,Yes,Yes
mjones,Cultural other article hotel law finally mouth think country staff away cost rate book natural trip miss production old point then.,131,364,68,Comedy,Negative,2025-02-09 22:02:51,Mali,Enhanced incremental contingency,Regular,No,No
sandraluna,Term education nothing structure adult between radio believe approach probably happy boy director build action design ready suddenly.,133,636,15,Music,Neutral,2025-03-16 23:28:49,Uganda,User-centric exuding extranet,Regular,Yes,No
ntaylor,Collection increase and writer popular law.,43,407,90,Tech Reviews,Negative,2025-01-07 23:05:29,Kazakhstan,Intuitive methodical architecture,Regular,Yes,Yes
johnsonnicholas,Single so control trouble dream forward society five.,53,436,66,Tech Reviews,Neutral,2025-01-27 18:10:10,Lebanon,Reverse-engineered optimizing protocol,Influencer,No,Yes
willisdarrell,Money challenge case east human experience those.,49,925,31,Education,Negative,2025-03-15 08:19:47,Albania,Distributed reciprocal parallelism,Influencer,Yes,Yes
lowens,Choice thank discuss common bank figure food.,45,224,10,Gaming,Neutral,2025-02-24 18:31:13,Sweden,Multi-channeled high-level alliance,Regular,Yes,No
whitestephanie,Another professional today figure employee know field he thousand value effort science.,87,204,54,Music,Negative,2025-01-05 15:08:55,Romania,Exclusive object-oriented throughput,Regular,No,Yes
jessicaadams,Station scientist bar significant create visit check cell common low bag guy interview.,87,781,78,Education,Positive,2025-02-07 18:08:22,Spain,Function-based maximized Graphical User Interface,Regular,No,No
jconway,Pass individual usually page.,29,973,24,Education,Neutral,2025-01-03 13:56:21,Trinidad and Tobago,Horizontal intangible software,Influencer,Yes,No
mcole,Medical mind American security six wish.,40,534,66,News,Negative,2025-03-11 20:32:25,Brazil,Managed bandwidth-monitored neural-net,Verified,No,No
shawndavis,He skin seem travel enjoy.,26,330,63,Comedy,Positive,2025-02-24 19:19:12,Cambodia,Sharable cohesive software,Regular,Yes,No
vanessaschroeder,Reduce perhaps tonight already trial story.,43,516,93,Music,Positive,2025-02-11 09:19:52,Brazil,Down-sized 24hour help-desk,Verified,Yes,Yes
maryhenderson,Carry Mr give American visit store treatment option left one trade poor morning.,80,513,39,Education,Positive,2025-03-20 21:53:40,Albania,Decentralized analyzing protocol,Regular,No,No
pescobar,Fine hotel save good test carry develop maybe security model.,61,631,65,Gaming,Negative,2025-03-21 08:58:27,Russian Federation,Re-engineered bi-directional interface,Influencer,No,Yes
lpruitt,Just talk town begin drop process even.,39,972,27,Comedy,Positive,2025-02-01 18:47:20,Guadeloupe,Programmable 6thgeneration time-frame,Verified,Yes,No
vrussell,Enough chance draw near discussion bank.,40,912,49,Comedy,Neutral,2025-01-18 18:32:28,Zimbabwe,Decentralized radical protocol,Influencer,No,No
heatherhansen,Play within training hospital season structure increase his result owner.,73,261,8,Music,Neutral,2025-03-14 09:57:50,San Marino,Open-architected didactic core,Regular,No,Yes
shelleywhite,Start two shoulder attention.,29,195,41,Tech Reviews,Negative,2025-03-15 12:25:25,Finland,Future-proofed intermediate synergy,Verified,Yes,No
jonathanmeadows,Door tell try serious street food prepare safe treat cut.,57,82,14,Comedy,Positive,2025-01-23 14:08:21,Falkland Islands (Malvinas),Versatile logistical solution,Verified,Yes,No
joshuawilliams,Front instead final personal people organization character be magazine.,71,460,13,Gaming,Negative,2025-02-21 13:18:07,Solomon Islands,Profound attitude-oriented forecast,Regular,No,No
hmcfarland,Dog up person who.,18,610,24,Music,Positive,2025-01-23 15:07:08,Kazakhstan,Multi-lateral background structure,Verified,No,No
michael56,Instead feeling different Mrs save sport detail my prove including others.,74,269,52,Comedy,Neutral,2025-02-25 02:15:57,France,Stand-alone mobile framework,Verified,Yes,Yes
barbarablack,Great board employee author economy source do.,46,872,2,Tech Reviews,Positive,2025-03-16 12:24:32,Ireland,Reduced asynchronous portal,Regular,No,Yes
cpineda,Possible speak newspaper hope little television dream surface human clearly visit interest sort.,96,292,1,Education,Neutral,2025-02-11 13:59:00,Zimbabwe,Triple-buffered leadingedge benchmark,Regular,Yes,Yes
christopher58,House course imagine prevent be this leg something air officer describe fact teacher institution town where behavior international operation.,141,793,43,Comedy,Positive,2025-03-09 19:43:46,Iraq,Pre-emptive national Graphical User Interface,Influencer,Yes,Yes
dylan29,Explain one stage accept suffer cell.,37,849,20,Gaming,Negative,2025-03-18 09:28:11,Vanuatu,Front-line mission-critical paradigm,Verified,Yes,Yes
robinsontamara,Foot long design author example local everybody nor.,52,258,100,Education,Negative,2025-01-30 11:56:53,Poland,Quality-focused zero administration Graphic Interface,Regular,Yes,Yes
kellymoore,Fast Mr catch expert they include however discover people current seat skin improve.,84,581,1,Gaming,Positive,2025-02-17 00:40:38,Senegal,Total incremental structure,Influencer,Yes,Yes
ashleymckay,Young recognize back anyone follow authority.,45,948,49,Gaming,Positive,2025-01-02 19:15:49,Congo,Balanced real-time adapter,Verified,Yes,No
christinacunningham,Economy go since according event real camera.,45,776,62,Gaming,Positive,2025-03-09 02:18:36,Korea,Open-source user-facing matrices,Regular,Yes,No
duane34,Last last western structure design ok.,38,602,89,News,Positive,2025-03-02 07:41:05,Zambia,Seamless grid-enabled Internet solution,Influencer,Yes,No
christina33,Simple member some serve everybody huge run watch own apply house.,66,141,70,Comedy,Positive,2025-03-12 18:34:46,Mauritius,Expanded contextually-based application,Regular,No,No
melissa69,Learn cost position form church heavy just citizen dog include approach president bag.,86,166,88,Education,Negative,2025-01-25 08:05:09,Bahamas,Organic zero tolerance software,Regular,No,No
mcguirealexander,Girl five reveal data blood owner leave seat city time.,55,87,96,Music,Neutral,2025-01-01 05:23:44,Singapore,Optional systemic Local Area Network,Influencer,Yes,Yes
kingjennifer,Field cup decision onto strategy.,33,402,17,Comedy,Negative,2025-01-21 19:43:05,Turkey,Self-enabling local synergy,Regular,Yes,Yes
andrew71,Nor leave network task others.,30,473,23,News,Positive,2025-01-17 07:18:42,Lesotho,Managed clear-thinking monitoring,Influencer,Yes,Yes
zortega,While born the control land tonight down meet.,46,109,5,News,Neutral,2025-02-20 07:51:43,Madagascar,Devolved high-level algorithm,Influencer,Yes,No
jessica48,Office despite hot stuff scientist.,35,356,18,News,Positive,2025-01-29 08:53:46,Togo,Cross-platform bandwidth-monitored circuit,Influencer,Yes,No
scottgarza,Out language just possible one easy north final from place job.,63,867,50,News,Positive,2025-01-05 11:45:19,Guam,Persevering fault-tolerant knowledgebase,Influencer,No,Yes
sandersdeborah,Key second never into appear audience attack during either.,59,545,74,Gaming,Positive,2025-01-12 21:46:00,Christmas Island,Phased systemic moratorium,Regular,Yes,Yes
anna16,Call continue many on follow ground instead produce policy lot democratic management.,85,618,24,Gaming,Positive,2025-01-07 13:19:19,Comoros,Quality-focused contextually-based array,Regular,Yes,No
qjohnson,Among specific man reality develop entire summer rule.,54,482,11,News,Positive,2025-01-27 15:26:40,Bosnia and Herzegovina,Programmable actuating artificial intelligence,Regular,Yes,Yes
obeard,Investment way commercial coach against quickly.,48,904,88,Tech Reviews,Negative,2025-01-24 05:22:50,Pakistan,Versatile executive challenge,Regular,No,Yes
kevinjohnson,Mind medical explain community state catch.,43,138,57,Comedy,Neutral,2025-03-08 17:45:02,Taiwan,Progressive web-enabled database,Regular,No,Yes
droberts,He air simply entire serious color those those may true.,56,586,42,Education,Positive,2025-03-14 20:10:12,Faroe Islands,Fundamental executive superstructure,Verified,No,No
ejohnson,Each stay international west.,29,13,35,Tech Reviews,Neutral,2025-01-12 15:26:30,Serbia,Re-contextualized encompassing structure,Regular,Yes,Yes
gerald04,Begin Mr water movie draw tonight growth his.,45,420,81,Education,Negative,2025-01-27 16:00:39,Zambia,Digitized zero administration flexibility,Verified,Yes,No
mgomez,Door it until now news ask process against anything water our effort lead.,74,412,54,Music,Positive,2025-01-16 21:51:27,Burkina Faso,Cross-group multi-state implementation,Verified,No,Yes
padillacrystal,Wear happy alone before city.,29,972,87,Tech Reviews,Negative,2025-01-04 09:12:56,Sri Lanka,Profound hybrid flexibility,Influencer,Yes,Yes
pricemegan,Research voice ten boy difficult.,33,35,26,Tech Reviews,Positive,2025-01-04 18:40:56,Swaziland,Synchronized 4thgeneration standardization,Influencer,Yes,Yes
ryanestrada,When face boy pass specific especially artist hold meeting kind.,64,321,38,Education,Positive,2025-03-07 10:04:03,Tajikistan,Expanded high-level alliance,Verified,Yes,No
sandersalexander,Sister see resource clearly summer sometimes.,45,132,90,Comedy,Positive,2025-02-27 11:21:33,Andorra,Persistent modular artificial intelligence,Influencer,Yes,No
wendy43,Future class society fact I rich.,33,773,7,News,Negative,2025-03-06 10:44:57,Saint Martin,Innovative local strategy,Verified,No,Yes
nhendrix,Free what carry there entire value power turn husband single price improve carry culture however employee.,106,729,10,News,Negative,2025-02-22 11:08:45,Russian Federation,Multi-tiered local conglomeration,Regular,No,No
pwallace,Across once picture interest health material test carry area war.,65,580,61,Tech Reviews,Positive,2025-03-14 13:18:09,Estonia,Fully-configurable reciprocal extranet,Influencer,Yes,No
akidd,Interesting person response.,28,829,28,News,Positive,2025-01-21 03:50:25,Montserrat,Down-sized local array,Verified,Yes,Yes
lukemcintyre,Executive close food question read amount believe group yeah despite community each open stop.,94,473,17,Gaming,Positive,2025-02-09 14:09:59,Ghana,Face-to-face reciprocal solution,Verified,No,Yes
smithmichael,On factor suddenly religious summer hit bad seem.,49,722,34,Gaming,Positive,2025-01-13 12:36:11,Australia,Assimilated next generation process improvement,Regular,Yes,No
ehall,Just question organization white mind move popular yourself clear his write technology response.,96,852,64,Comedy,Positive,2025-03-18 14:57:16,Saint Pierre and Miquelon,Advanced actuating hub,Regular,No,No
dschwartz,Manager increase majority ago employee.,39,938,2,News,Negative,2025-03-07 11:36:12,Congo,Synergized mobile implementation,Influencer,Yes,Yes
hendrickspatrick,East mother national attention project various.,47,492,51,Gaming,Positive,2025-01-11 22:53:29,Ireland,Down-sized 24/7 help-desk,Regular,Yes,Yes
conniegonzalez,Shake again radio leave interest health just unit hundred.,58,158,79,Comedy,Neutral,2025-02-11 10:36:35,Saudi Arabia,Business-focused homogeneous migration,Verified,No,Yes
mary28,Across let Congress long wish painting guess possible.,54,926,19,News,Negative,2025-02-19 20:30:22,Australia,Secured impactful capability,Regular,Yes,No
tammiewilson,Lay require bed to common study rule say keep learn model claim recent lawyer agency western.,93,28,32,Gaming,Positive,2025-01-04 13:21:33,Comoros,Decentralized hybrid database,Regular,Yes,No
rhonda61,Official public base film account front than.,45,200,98,Tech Reviews,Neutral,2025-03-17 03:41:59,Gambia,Vision-oriented non-volatile portal,Influencer,No,Yes
simmonsedward,Several address investment dog identify money business.,55,713,58,Gaming,Positive,2025-03-17 18:17:40,Mongolia,Re-contextualized fault-tolerant neural-net,Regular,Yes,Yes
jennifercarr,Any process together analysis unit boy majority when girl tough thank.,70,905,89,Education,Neutral,2025-01-14 17:36:42,Taiwan,Cross-platform upward-trending superstructure,Influencer,Yes,Yes
amy16,Moment professor exactly nature consumer cell eye feel wonder human political land.,83,835,81,Tech Reviews,Positive,2025-02-25 18:45:56,Ukraine,Ameliorated needs-based strategy,Regular,Yes,Yes
mckeetheodore,American guy positive foot our voice upon cost become animal interesting whose.,79,167,45,Tech Reviews,Positive,2025-02-06 10:05:20,South Georgia and the South Sandwich Islands,Configurable mobile neural-net,Influencer,Yes,No
eric23,Good have camera community bag really often her what.,53,337,32,Music,Negative,2025-02-07 07:02:53,Montenegro,Total needs-based attitude,Regular,No,No
karen37,Deep thus perform song traditional shoulder industry cause really letter.,73,663,62,Gaming,Positive,2025-03-15 13:36:46,Sri Lanka,Team-oriented zero tolerance hardware,Influencer,Yes,Yes
michael15,Speech trade center toward create provide American beat.,56,0,69,Gaming,Neutral,2025-02-23 05:36:55,Tunisia,Diverse empowering solution,Regular,No,No
michael21,Cover growth strong education year let understand PM class thank end maintain second knowledge voice shake finally three general.,129,479,64,Music,Positive,2025-01-08 03:35:40,Palau,Reduced maximized collaboration,Regular,Yes,Yes
hmcclure,Owner administration hope either fine feel accept miss difficult might share serve course throughout garden civil poor.,119,274,77,Gaming,Positive,2025-02-21 01:25:13,Morocco,Synergistic explicit implementation,Verified,Yes,Yes
jose93,Himself mean garden ago thus democratic benefit almost moment maintain movie officer early rich station or need.,112,788,91,Tech Reviews,Positive,2025-02-02 03:27:01,Puerto Rico,Intuitive motivating capability,Regular,Yes,No
gregorysanders,Perform continue future find develop analysis feeling staff until.,66,691,18,Music,Positive,2025-03-11 22:41:54,Uruguay,Public-key attitude-oriented architecture,Regular,No,No
barbaramcintosh,Employee travel box leader feeling.,35,548,98,Gaming,Positive,2025-01-10 16:51:10,Uzbekistan,Robust transitional support,Verified,Yes,No
brooke66,Tough recently already catch pressure religious.,48,852,46,Tech Reviews,Positive,2025-02-21 06:08:34,Brazil,Digitized interactive throughput,Verified,No,Yes
msnyder,Professor develop million pattern good wonder half change wish.,63,935,64,Music,Negative,2025-02-01 01:48:35,Indonesia,Synergized bifurcated access,Influencer,No,No
allisonalvarez,Brother three admit chair however reach fear dinner main western hair hope small agency.,88,560,23,Education,Neutral,2025-03-02 17:46:30,Montserrat,Focused value-added system engine,Influencer,Yes,Yes
hugheschristopher,Father station simple summer against structure answer fall enter likely while.,78,304,73,News,Negative,2025-01-07 07:26:12,Antigua and Barbuda,Devolved 24hour extranet,Verified,Yes,No
dianenguyen,Chance everyone mission situation write.,40,3,51,Gaming,Negative,2025-01-11 23:29:19,Belgium,Cross-group eco-centric knowledgebase,Regular,No,No
lcole,Knowledge item natural often should everything dinner threat address six hot.,77,881,66,Music,Negative,2025-03-19 17:53:21,Montenegro,Programmable responsive capacity,Regular,Yes,No
stephen63,Property music risk leave the remain surface professor floor either goal.,73,807,50,Music,Negative,2025-03-07 23:35:43,Portugal,Innovative empowering ability,Verified,Yes,No
russellmiller,General deep win thus TV note forget vote hit hour word card behind production many much art without chance.,108,6,61,Gaming,Positive,2025-02-04 14:26:24,Cameroon,Cross-group discrete standardization,Verified,Yes,No
cmayer,Whole including onto show talk state tree.,42,690,11,Music,Positive,2025-01-04 15:02:44,Congo,Ameliorated mobile installation,Regular,Yes,No
vlopez,Simply among take front hear speak area think education finish piece book develop reduce though and back rather.,112,155,30,Gaming,Positive,2025-02-02 19:59:30,United Arab Emirates,Customizable stable database,Verified,No,No
zgray,Phone note cultural theory memory modern energy state.,54,909,8,Comedy,Negative,2025-01-03 03:07:48,Estonia,Extended regional help-desk,Regular,Yes,No
wwalker,Speech run truth recognize scene final page final decision more information spring manager at indicate.,103,389,68,Comedy,Neutral,2025-01-10 01:34:55,Azerbaijan,Proactive non-volatile contingency,Verified,Yes,No
kristinesimpson,Election board week that.,25,724,15,News,Neutral,2025-02-11 05:03:19,Latvia,Multi-lateral background success,Regular,No,Yes
hugheserin,Role week least democratic begin force play approach.,53,390,36,Education,Neutral,2025-02-17 16:55:44,Macedonia,Synergistic value-added initiative,Influencer,Yes,No
vowens,Room own plan.,14,668,19,Tech Reviews,Negative,2025-01-02 16:08:47,Saint Martin,Balanced discrete system engine,Influencer,Yes,Yes
mfloyd,Win sister police though region soldier behind good every determine.,68,898,73,Comedy,Neutral,2025-01-28 16:10:07,Zambia,Re-engineered even-keeled secured line,Verified,Yes,No
morganpeters,Itself focus spring teacher word into husband cultural suddenly majority road general ask start perform stop we.,112,960,77,Education,Positive,2025-02-21 12:40:09,French Guiana,Visionary methodical frame,Influencer,Yes,Yes
kyle92,Record citizen live art through policy particular during cold.,62,784,29,Comedy,Negative,2025-01-18 15:49:43,Ghana,Function-based actuating forecast,Regular,No,No
hartjennifer,Condition current play least fine new surface somebody sit threat wife.,71,92,72,Education,Positive,2025-02-20 10:56:14,United States Virgin Islands,Persevering human-resource structure,Influencer,No,Yes
figueroarobert,Bit leader friend author.,25,862,86,Tech Reviews,Neutral,2025-03-14 22:51:06,Saint Barthelemy,User-centric systemic leverage,Influencer,No,Yes
shortbrenda,Mention born win happy baby number number.,42,906,49,Music,Neutral,2025-03-03 10:01:48,United States Virgin Islands,Pre-emptive bottom-line adapter,Verified,Yes,No
sharon72,Simple call cover later his some glass herself simply rest ground then list around machine turn majority court.,111,652,46,Music,Neutral,2025-01-09 01:24:54,Monaco,Assimilated directional alliance,Influencer,Yes,Yes
mcmillankaren,Produce six order public within model indeed lay someone author character plan.,79,313,76,Music,Positive,2025-03-06 12:34:52,Sweden,Synergized object-oriented circuit,Verified,Yes,No
tonya64,Attack beyond manage middle unit dog campaign degree.,53,601,45,News,Positive,2025-02-27 18:42:02,Jordan,Reduced bi-directional analyzer,Regular,Yes,No
travis14,Pretty five box just key money age again.,41,907,73,Tech Reviews,Positive,2025-01-21 11:21:10,Honduras,Reduced bi-directional synergy,Influencer,No,Yes
priceandrew,Under them history east where star usually TV girl.,51,458,48,News,Positive,2025-01-29 05:05:50,Jamaica,Multi-tiered intangible knowledge user,Verified,Yes,Yes
glennshawn,Store popular inside over sit second seek.,42,661,52,Education,Negative,2025-02-25 04:36:39,Taiwan,Sharable tertiary infrastructure,Regular,Yes,Yes
jasonholmes,Available finally born picture fight air yourself white stage.,62,629,29,Tech Reviews,Negative,2025-03-20 23:46:38,Fiji,Innovative empowering service-desk,Verified,Yes,Yes
jschmidt,Show sense executive these report star market.,46,399,46,Education,Positive,2025-01-12 10:18:40,Saint Kitts and Nevis,Realigned zero-defect matrices,Regular,Yes,No
jacob52,That buy through stop here money western rather whether.,56,637,70,News,Negative,2025-01-30 04:05:16,Hong Kong,Assimilated maximized leverage,Regular,Yes,No
morgan32,Have me difficult spring do next summer network indeed long son by pass.,72,782,98,Comedy,Positive,2025-03-12 13:35:33,Faroe Islands,Configurable national Graphical User Interface,Regular,Yes,No
miagallagher,Whatever nearly movie white Congress wait reveal.,49,39,26,News,Positive,2025-03-09 11:00:46,Tonga,Advanced 24/7 firmware,Influencer,No,Yes
amanda86,Also against yard walk sing military part painting sea true myself.,67,370,72,News,Positive,2025-01-29 19:19:56,Togo,Phased optimizing definition,Influencer,Yes,No
cfarrell,Social doctor collection so right which turn college your nation market expect turn Mr car.,91,870,70,Music,Neutral,2025-03-12 07:07:03,Cook Islands,Multi-channeled high-level protocol,Influencer,No,Yes
denise98,Its beyond end sign artist answer thousand deal age.,52,329,100,Music,Positive,2025-03-14 19:21:13,Guinea-Bissau,Re-engineered 4thgeneration task-force,Influencer,Yes,Yes
zacharygreene,Fear past site bag beyond attorney administration drug man people.,66,108,18,Comedy,Positive,2025-02-02 11:12:32,Iraq,Open-source dedicated productivity,Regular,No,No
dstrickland,Either Mrs participant while behavior suggest low language throw movement know meet meeting song show whole.,108,673,86,Gaming,Neutral,2025-02-09 08:12:08,Saint Kitts and Nevis,Persevering fresh-thinking focus group,Regular,Yes,No
brownjennifer,Now rock of.,12,906,23,Education,Neutral,2025-03-14 13:15:37,Niue,Enhanced reciprocal infrastructure,Regular,No,No
dwalls,Phone peace dinner see well kid stage any.,42,615,81,Gaming,Neutral,2025-01-07 02:38:41,Yemen,Adaptive radical focus group,Verified,No,Yes
andersonwilliam,Itself before seven itself prepare which husband newspaper than defense world third create.,91,8,21,Music,Negative,2025-02-08 08:56:50,Albania,Reduced tertiary architecture,Influencer,Yes,No
tapiaaimee,Wear agent no party light join.,31,51,29,Gaming,Positive,2025-01-24 22:22:18,Bahrain,De-engineered asymmetric orchestration,Influencer,Yes,No
rmathis,Outside deal well station or marriage before throughout somebody.,65,227,26,Tech Reviews,Negative,2025-01-11 12:13:24,Madagascar,Quality-focused value-added archive,Verified,No,No
toddemma,Season red people pretty be yourself role coach appear long do than you language.,81,238,3,Music,Positive,2025-02-14 05:34:37,Bouvet Island (Bouvetoya),Profit-focused client-driven complexity,Verified,Yes,No
john99,Fly speak science.,18,537,7,Education,Positive,2025-02-17 17:20:50,Vanuatu,Multi-layered heuristic Graphical User Interface,Regular,Yes,Yes
lindapalmer,Right book nor than billion at.,31,645,90,Comedy,Neutral,2025-03-14 09:53:25,Dominican Republic,Innovative encompassing knowledge user,Verified,No,No
scherry,Close sort matter against theory hit want per improve prove nature minute south can seek.,89,735,53,Gaming,Positive,2025-02-07 01:07:33,Guam,Integrated background data-warehouse,Regular,Yes,Yes
carolglenn,Reduce drug through training least establish apply somebody identify option rise out former raise cell church possible most.,124,807,51,News,Positive,2025-01-31 22:43:44,Brazil,Organized modular methodology,Regular,Yes,Yes
matthew90,Hot main answer increase wait meeting fear food power record machine onto score.,80,937,92,Comedy,Positive,2025-02-07 05:56:31,Rwanda,User-friendly interactive methodology,Influencer,Yes,Yes
daniel92,Cold never compare man response realize foot include me person low degree.,74,457,70,Tech Reviews,Positive,2025-01-16 03:33:46,France,Profound analyzing customer loyalty,Influencer,Yes,Yes
richard37,Treat health heavy far man interesting game star by society air management him music.,85,729,62,Tech Reviews,Negative,2025-01-23 21:31:38,Kenya,Streamlined next generation superstructure,Regular,Yes,Yes
michaeladoyle,Small current great food interesting.,37,619,67,Music,Negative,2025-01-20 21:00:22,Singapore,Total demand-driven methodology,Influencer,Yes,Yes
xyang,Candidate arrive knowledge Congress himself write seek head real majority paper purpose range reflect woman operation a realize control.,136,296,22,Gaming,Negative,2025-02-21 11:20:09,Sri Lanka,Re-engineered dynamic toolset,Verified,No,No
oscarwebb,Tv blue win ground building.,28,376,77,Gaming,Positive,2025-01-08 20:14:15,Hong Kong,Team-oriented didactic approach,Regular,No,Yes
bsmith,Less positive officer around these book feel who matter serious bar measure Mrs you detail before play cup its.,111,253,99,News,Positive,2025-01-30 19:21:23,Nauru,Up-sized hybrid open architecture,Verified,Yes,No
victorbaldwin,Form clear model.,17,133,73,Gaming,Negative,2025-01-09 13:42:41,Switzerland,Persevering directional implementation,Influencer,Yes,Yes
njackson,Yeah ago environmental decision while audience ok maintain.,59,512,90,Music,Negative,2025-02-19 04:08:49,Japan,Profit-focused systematic capability,Regular,Yes,No
obrienmark,Goal left various in she ahead laugh security individual statement.,67,421,68,Music,Neutral,2025-03-05 09:44:02,China,Assimilated bi-directional productivity,Verified,Yes,No
reginald55,Item soldier nearly question find movie ability.,48,167,99,Tech Reviews,Positive,2025-01-05 04:04:54,Belgium,Focused systemic firmware,Regular,Yes,Yes
irodriguez,Painting allow contain rule buy much ten watch image first human subject they key.,82,44,28,Comedy,Positive,2025-02-05 17:17:48,Uruguay,Total asynchronous software,Verified,Yes,Yes
millerapril,Western voice her magazine very shake say type single make executive those become heavy improve from.,101,471,44,Gaming,Positive,2025-02-18 03:45:02,Dominica,Sharable upward-trending hub,Regular,No,No
wardrandy,Whom range government body alone the room upon fall check painting if.,70,378,87,Tech Reviews,Positive,2025-01-20 14:56:00,Lithuania,Innovative human-resource toolset,Influencer,No,Yes
anthony53,Style help small school available tax see staff role history once agreement campaign argue tax find culture type wall public.,125,917,25,Education,Neutral,2025-03-18 06:12:39,Korea,Managed human-resource implementation,Influencer,No,No
michael67,World option speak dream wide go leave character society listen stuff fall process manage after might.,102,992,75,Education,Negative,2025-02-07 22:41:55,Libyan Arab Jamahiriya,Function-based encompassing emulation,Influencer,Yes,Yes
stevenselizabeth,Add condition practice close personal born government speak staff institution image Democrat word almost want talk indicate.,124,692,78,Comedy,Neutral,2025-01-02 15:13:21,Luxembourg,Ameliorated bifurcated system engine,Verified,No,No
jeremysanchez,Adult allow fall marriage him speak old.,40,788,70,News,Positive,2025-02-16 21:55:57,Puerto Rico,Switchable upward-trending database,Influencer,No,Yes
daviesjeffrey,Thing learn him partner level pick after fire concern maybe low.,64,280,98,Music,Positive,2025-01-16 07:43:04,Netherlands,Customizable user-facing structure,Influencer,No,No
rosarioheather,Account heavy candidate approach service church foot ground social right similar administration big bag after power parent.,123,480,73,Comedy,Positive,2025-03-06 14:59:10,Chad,Proactive stable complexity,Regular,Yes,Yes
jonathan85,Put significant measure produce.,32,227,83,Tech Reviews,Positive,2025-02-19 23:54:36,Antarctica (the territory South of 60 deg S),Team-oriented national framework,Regular,Yes,Yes
travisamy,Buy road traditional.,21,251,63,Music,Neutral,2025-01-20 12:51:30,Thailand,Monitored 24/7 system engine,Influencer,No,No
austinbryant,Near beautiful weight late factor.,34,885,61,Education,Neutral,2025-03-18 20:13:24,Bahamas,Operative 24/7 database,Regular,No,No
candice26,How finally size contain admit son exist news improve computer.,63,838,29,Gaming,Negative,2025-03-09 19:41:18,Egypt,Business-focused empowering neural-net,Influencer,Yes,Yes
daniel43,Partner spend thus be help decide property ask authority.,57,202,18,Comedy,Positive,2025-02-20 18:50:10,Macao,Synchronized motivating help-desk,Regular,Yes,No
ulong,Line space relate past never easy rich make theory beautiful manage right free teach.,85,701,2,Music,Negative,2025-02-12 14:21:21,Macedonia,Object-based actuating paradigm,Influencer,No,Yes
kingwilliam,Blood development face face although actually meeting meet part imagine notice.,79,297,73,Comedy,Neutral,2025-01-27 18:31:39,Saint Barthelemy,Triple-buffered local protocol,Influencer,Yes,Yes
haley96,Firm opportunity worker hot pressure manager dinner.,52,769,42,Gaming,Negative,2025-03-11 04:34:30,Armenia,De-engineered reciprocal moratorium,Regular,No,No
ashleybowman,Charge too suddenly medical agent.,34,424,85,Comedy,Positive,2025-02-25 23:35:23,Canada,Function-based system-worthy archive,Regular,No,No
tsmith,Large this prove thought listen operation class.,48,487,72,News,Negative,2025-02-04 04:47:48,Falkland Islands (Malvinas),Customizable bottom-line throughput,Regular,No,No
heidi42,Open business some left right common several enter exactly government present peace about itself plan.,102,741,74,Music,Negative,2025-01-27 04:08:02,Niger,Intuitive systematic encoding,Verified,Yes,No
larsonalexander,Share operation attention citizen from always likely wear happen.,65,563,93,Gaming,Negative,2025-03-18 12:42:56,Sudan,Fully-configurable global middleware,Influencer,No,No
joshuahenderson,Power my east hair least thought financial democratic.,54,447,97,Comedy,Positive,2025-01-20 08:24:20,Togo,Front-line asynchronous framework,Regular,No,No
rmacias,Admit way the despite always forget.,36,245,8,Gaming,Negative,2025-01-22 12:53:40,Saint Vincent and the Grenadines,Customizable optimal instruction set,Verified,No,Yes
tylerhenry,Edge environment play recognize house and now test wrong table too hour.,72,433,47,Gaming,Neutral,2025-01-10 06:57:39,Portugal,Organized mission-critical matrix,Regular,Yes,Yes
brian74,Half easy seat.,15,913,80,Comedy,Positive,2025-02-01 22:50:39,Lao People's Democratic Republic,Phased zero tolerance artificial intelligence,Regular,No,Yes
ronaldbaird,Operation though simple over matter music.,42,889,53,Education,Negative,2025-03-05 18:03:22,Netherlands,Exclusive dynamic architecture,Regular,Yes,No
tpearson,True improve nation oil probably company.,41,735,68,Education,Neutral,2025-03-08 23:10:44,Oman,Re-contextualized dynamic installation,Regular,No,Yes
susan46,Section cost yeah particular hospital line minute couple cut clearly hear.,74,328,55,Gaming,Positive,2025-01-31 18:00:58,Aruba,Down-sized intermediate interface,Influencer,Yes,No
shannonmartin,Whole gun into actually remember north group.,45,711,67,News,Negative,2025-02-25 15:53:34,Wallis and Futuna,Integrated uniform synergy,Influencer,Yes,No
mindy37,Late argue popular consumer one few offer little.,49,483,26,Gaming,Positive,2025-03-08 20:06:54,Saint Helena,Decentralized full-range structure,Verified,No,Yes
jeremy29,Like boy age wonder family charge recent box day million wife suffer room.,74,994,87,Gaming,Positive,2025-01-20 11:09:49,Norfolk Island,Sharable multi-tasking forecast,Regular,Yes,No
jill22,Family much spring key.,23,968,85,Music,Positive,2025-01-07 14:32:57,Japan,Versatile uniform methodology,Verified,No,Yes
cthomas,Finally myself size run win or.,31,337,83,Music,Positive,2025-02-27 23:10:06,Finland,Phased discrete complexity,Regular,Yes,Yes
hsmith,Television forward however little continue huge international pick model lay newspaper group second.,100,10,46,Music,Negative,2025-01-22 14:34:07,Micronesia,Innovative 5thgeneration knowledge user,Influencer,No,No
badams,Front memory discuss amount pull.,33,662,97,Gaming,Positive,2025-03-02 07:56:22,Saint Pierre and Miquelon,Upgradable executive moratorium,Regular,No,No
meghansmith,Case establish wait management reduce heavy production.,55,642,91,Gaming,Positive,2025-02-24 08:32:11,Peru,Open-architected regional time-frame,Influencer,No,Yes
markstone,Civil church add anything officer though discover.,50,449,39,Gaming,Neutral,2025-03-13 20:48:49,Papua New Guinea,Future-proofed neutral approach,Verified,No,Yes
matthew30,Data near attack perhaps.,25,302,29,Education,Positive,2025-02-10 16:48:20,Mongolia,Ameliorated attitude-oriented installation,Regular,Yes,No
millerlaura,Job responsibility agency attention century find ahead director teacher.,72,832,58,Music,Negative,2025-02-10 07:33:08,Palau,Triple-buffered fault-tolerant matrix,Influencer,No,Yes
joneslarry,Sometimes soldier say scene view to carry there event how.,58,639,0,Music,Negative,2025-03-12 08:47:03,Monaco,Optional bandwidth-monitored Graphical User Interface,Verified,No,Yes
robertvargas,Lot put exactly factor sell prepare in single might approach accept.,68,156,70,Education,Neutral,2025-02-27 19:47:22,Sudan,Reverse-engineered even-keeled flexibility,Regular,Yes,Yes
johnsondebra,Cultural wind either senior end people majority provide quickly case similar worker heavy.,90,825,23,Tech Reviews,Negative,2025-02-24 21:45:52,Bangladesh,Organic dynamic policy,Influencer,Yes,Yes
douglascourtney,Agreement sign true apply federal worry teach color within decade.,66,825,99,Comedy,Neutral,2025-01-26 16:07:20,Saint Lucia,Compatible web-enabled neural-net,Influencer,Yes,Yes
gonzalesdavid,Network official wonder look.,29,708,93,Comedy,Positive,2025-01-16 18:27:35,Albania,Switchable clear-thinking moderator,Influencer,Yes,Yes
aolson,Note hospital environment top.,30,87,97,Tech Reviews,Positive,2025-02-24 13:57:44,Finland,Networked responsive throughput,Influencer,Yes,Yes
valerieramirez,Discuss save parent tax.,24,430,82,Gaming,Positive,2025-02-11 00:53:37,Uganda,Re-engineered optimal secured line,Influencer,No,Yes
tanyachandler,System decade close standard culture situation consider thus project once director time design expect finish production music.,126,169,29,Tech Reviews,Positive,2025-01-02 06:05:00,Central African Republic,Cloned needs-based budgetary management,Influencer,No,No
gomezmichael,Fill base action public activity do friend huge.,48,630,55,Tech Reviews,Positive,2025-02-17 11:00:08,Kyrgyz Republic,Versatile system-worthy extranet,Influencer,No,No
toddjuan,Similar fight city suggest affect.,34,433,57,Tech Reviews,Positive,2025-02-15 05:56:58,United States of America,Extended discrete matrix,Influencer,No,Yes
paul48,Article face that beat while every eat gas discuss level kind allow.,68,648,67,Comedy,Negative,2025-02-07 00:24:29,Timor-Leste,Vision-oriented 4thgeneration adapter,Influencer,No,Yes
fbrown,Early consumer lay sign.,24,711,61,Comedy,Neutral,2025-02-16 11:41:36,Liberia,Triple-buffered modular emulation,Regular,No,No
thomashawkins,Machine generation add card sea skill offer imagine tonight movement modern.,76,448,80,Music,Positive,2025-03-18 13:16:43,Kazakhstan,Inverse regional interface,Influencer,No,Yes
jamesriley,Up develop keep brother while they probably near organization explain.,70,937,23,Education,Positive,2025-03-06 06:49:25,Cocos (Keeling) Islands,Front-line mobile capability,Influencer,No,No
michael95,Woman movie area throughout system professional agency provide she away soon yeah later.,88,801,97,Music,Neutral,2025-01-05 21:51:54,Bolivia,Switchable foreground help-desk,Influencer,No,No
ogardner,Animal from or reflect.,23,572,7,Music,Neutral,2025-03-09 03:36:53,Tonga,Fully-configurable encompassing productivity,Verified,No,No
howardchristopher,Whom figure drug only condition.,32,503,57,Music,Neutral,2025-03-07 22:57:21,Uganda,Extended methodical productivity,Influencer,Yes,Yes
xgilmore,Easy through son mention million power themselves economy third exactly strategy.,81,138,32,Gaming,Positive,2025-03-06 06:29:29,Israel,Future-proofed actuating structure,Verified,Yes,Yes
nicole97,Power measure natural itself floor upon white interview analysis table.,71,319,9,Music,Positive,2025-02-22 09:59:05,Heard Island and McDonald Islands,Multi-tiered optimizing approach,Influencer,No,No
wmolina,Report sort institution American serious somebody seat truth likely.,68,603,35,Tech Reviews,Positive,2025-03-03 15:59:18,Iraq,Re-contextualized system-worthy instruction set,Verified,No,No
richardedwards,Item start perform hold experience production natural role land thing guy down.,79,922,15,Gaming,Positive,2025-03-04 00:50:28,Mali,Cross-platform radical alliance,Influencer,Yes,No
cindy10,Hospital say history spend more guy assume guy happy suggest she.,65,36,65,Comedy,Positive,2025-03-03 23:55:55,Cameroon,Open-source system-worthy definition,Regular,No,No
romeroamanda,Actually realize model month because teacher above option experience particular audience.,89,256,71,Education,Negative,2025-01-03 06:38:47,Turkmenistan,Distributed asynchronous architecture,Verified,No,Yes
ellisonronald,Past hot central out behavior cover PM toward evidence.,55,74,11,Tech Reviews,Negative,2025-02-09 09:21:46,Cayman Islands,Pre-emptive asymmetric access,Influencer,No,Yes
kim11,Dream way religious as follow community address choice.,55,754,86,Education,Neutral,2025-01-12 16:57:23,Monaco,Multi-lateral mission-critical extranet,Verified,Yes,Yes
wfoster,Federal by offer care benefit.,30,121,61,Tech Reviews,Neutral,2025-02-25 13:03:50,Cook Islands,Self-enabling user-facing superstructure,Verified,Yes,Yes
hughespatricia,A believe newspaper stage stuff our become main process food season.,68,265,92,News,Neutral,2025-03-11 10:07:40,Iran,Secured optimizing success,Verified,Yes,No
david93,Toward account near study later president nice discover into end star do trade picture.,87,15,69,News,Positive,2025-02-26 01:57:38,Falkland Islands (Malvinas),Inverse foreground synergy,Influencer,Yes,Yes
wspears,Including stage herself situation attack member individual argue toward.,72,498,0,Education,Neutral,2025-01-30 06:03:49,Kiribati,Front-line local access,Verified,No,No
jmccall,Small growth ability role country fall believe despite identify.,64,348,78,News,Positive,2025-03-14 00:50:26,Gabon,Realigned heuristic focus group,Regular,Yes,Yes
katrinajones,Year and east standard that meeting third girl.,47,883,18,Music,Neutral,2025-03-19 22:18:13,Holy See (Vatican City State),Realigned zero administration strategy,Regular,No,Yes
davidmeyer,Trade character whole.,22,107,19,Music,Positive,2025-01-30 13:46:12,Niue,Fundamental local model,Verified,Yes,Yes
popeelizabeth,Citizen there yet role third economic.,38,875,76,Education,Negative,2025-01-16 07:53:11,Vietnam,Pre-emptive hybrid customer loyalty,Verified,Yes,Yes
sandersjill,Pay consumer point how space low his game site these realize call me.,69,189,1,Comedy,Positive,2025-01-09 04:02:38,Zambia,Ameliorated mission-critical productivity,Influencer,No,Yes
moorerebecca,Matter picture mouth parent message.,36,58,84,News,Neutral,2025-01-09 12:05:32,Slovenia,Realigned 3rdgeneration migration,Verified,No,No
cohenkyle,Such travel scientist wish success reach young perhaps mean often direction call.,81,399,51,Education,Neutral,2025-03-07 06:44:31,Brazil,Enhanced actuating access,Regular,No,Yes
martinjohnson,Have successful appear different nice physical practice.,56,189,28,Education,Negative,2025-03-08 23:45:06,Tunisia,Configurable responsive concept,Verified,No,No
jerome69,Action read front investment part pick few industry lot.,56,753,57,Education,Neutral,2025-01-24 06:03:27,Kenya,Self-enabling 5thgeneration approach,Influencer,No,Yes
ovazquez,Serve else newspaper knowledge citizen beat person either matter themselves past.,81,566,29,Tech Reviews,Neutral,2025-03-19 22:51:29,Ethiopia,Polarized zero-defect alliance,Influencer,Yes,No
bdavis,Increase economic that never.,29,834,7,Education,Neutral,2025-01-23 10:59:25,Libyan Arab Jamahiriya,User-friendly multimedia application,Regular,Yes,Yes
aaron59,Need field so college generation foreign newspaper process realize would.,73,403,97,Comedy,Negative,2025-01-13 16:47:28,New Zealand,Optional cohesive archive,Verified,Yes,Yes
hernandeztheresa,Nature analysis less important cell health attention certainly be listen if option report fear what ability.,108,789,80,Music,Negative,2025-02-10 11:34:26,Kenya,Distributed bottom-line Local Area Network,Influencer,No,Yes
edward93,Evidence history clearly health bring team edge worry rise management quality.,78,163,97,Music,Positive,2025-01-26 22:39:21,Western Sahara,Assimilated contextually-based moratorium,Influencer,Yes,No
jessethomas,Movement Mr grow collection away people girl recognize decision heavy.,70,915,20,Music,Positive,2025-01-15 16:33:38,Trinidad and Tobago,Profound methodical application,Regular,No,Yes
rhernandez,Carry section least couple together truth strategy ten trouble.,63,469,60,Education,Negative,2025-01-21 10:00:07,United Arab Emirates,Virtual regional moratorium,Regular,No,No
elizabethgarcia,Leg positive ten wear baby seek dog seat relationship three little.,67,619,55,Music,Positive,2025-01-10 13:06:34,Congo,Multi-layered executive circuit,Regular,Yes,Yes
halldavid,Into citizen federal team.,26,972,75,Music,Positive,2025-02-20 21:15:57,United States of America,Synchronized zero tolerance extranet,Influencer,No,No
christine31,Would under television significant pass include sea impact check to road woman.,79,107,21,Tech Reviews,Negative,2025-03-06 07:52:01,Wallis and Futuna,Programmable scalable project,Influencer,Yes,Yes
russell68,Himself industry product building forward.,42,872,99,Tech Reviews,Positive,2025-02-08 12:37:41,Lithuania,Self-enabling local product,Influencer,Yes,Yes
timothybrown,Hit democratic feeling among rise news news around central price good investment several approach.,98,817,44,Music,Neutral,2025-03-03 18:47:28,San Marino,Monitored global time-frame,Verified,Yes,No
amanda49,Write score task difficult notice somebody affect surface work real among bad management should.,96,80,36,Gaming,Positive,2025-03-03 20:32:41,Finland,Balanced transitional portal,Verified,No,No
mitchellheather,Fast own red base receive daughter threat night trade.,54,361,30,News,Positive,2025-01-26 10:23:26,Western Sahara,Quality-focused full-range data-warehouse,Influencer,No,Yes
jameswatkins,I at less present thought might beyond health last court responsibility near understand do relationship follow race computer.,125,855,83,Education,Positive,2025-03-12 13:08:55,Oman,Horizontal contextually-based policy,Influencer,No,No
smithkenneth,Anyone chair always food road.,30,891,21,Education,Positive,2025-02-03 03:08:56,Heard Island and McDonald Islands,Polarized maximized Graphic Interface,Regular,No,Yes
stephen82,Low institution arrive her that maintain where building film be sing design.,76,587,60,Gaming,Positive,2025-03-04 20:01:45,Zimbabwe,Assimilated intermediate artificial intelligence,Regular,No,Yes
matthew37,Something show serve day central central involve individual military kitchen buy girl land as response else.,108,271,27,Tech Reviews,Positive,2025-02-25 12:25:24,Mongolia,Triple-buffered intermediate info-mediaries,Regular,Yes,No
brent81,Quickly administration address hotel long ahead try though for improve environmental.,85,188,21,News,Negative,2025-02-27 06:13:22,Bahrain,Cross-group scalable installation,Influencer,Yes,Yes
plawson,Laugh state image decade street plant sell recently ball.,57,335,70,Education,Negative,2025-02-12 15:50:35,Svalbard & Jan Mayen Islands,Persistent grid-enabled hierarchy,Influencer,No,Yes
reyespamela,Father majority window likely sing discuss war probably media thing past down film whole.,89,268,89,News,Positive,2025-01-23 02:00:43,Czech Republic,Balanced multimedia moratorium,Verified,No,No
howellronald,Material factor major cover imagine street here smile side alone serious major.,79,709,19,Comedy,Neutral,2025-01-12 05:22:17,South Georgia and the South Sandwich Islands,Vision-oriented fault-tolerant policy,Influencer,No,No
fbarnes,Half gun security far song attention agent.,43,905,15,Tech Reviews,Negative,2025-03-03 20:28:52,Indonesia,Optimized explicit neural-net,Influencer,No,No
salazarcraig,Particularly these everyone room ahead audience it but research.,64,301,95,Music,Positive,2025-02-19 20:15:57,Saint Lucia,Profit-focused dynamic open system,Verified,Yes,Yes
jacksongarrett,Especially condition case state during heavy religious.,55,35,39,Comedy,Neutral,2025-01-09 03:47:16,Jersey,Open-architected motivating toolset,Regular,Yes,No
